{"loss":{"0":0.5801634789,"1":0.1874222159,"2":0.1200907081,"3":0.0816127285,"4":0.0636766106,"5":0.0501880758,"6":0.0406822935,"7":0.0342439301,"8":0.0309672002,"9":0.0274266396,"10":0.0257029627,"11":0.0112793315,"12":0.0093727745,"13":0.0091175782,"14":0.0077519533,"15":0.0067063984,"16":0.0067446213,"17":0.0084647778,"18":0.0059262291,"19":0.0057397168},"accuracy":{"0":0.8125555515,"1":0.939814806,"2":0.9609382749,"3":0.9739382863,"4":0.9793826938,"5":0.9840370417,"6":0.9871110916,"7":0.9891234636,"8":0.9900740981,"9":0.9913827181,"10":0.9916543365,"11":0.9965308905,"12":0.9971110821,"13":0.9972715974,"14":0.9976173043,"15":0.9981481433,"16":0.99777776,"17":0.9977530837,"18":0.9982469082,"19":0.9983580112},"val_loss":{"0":0.579067409,"1":0.2600586116,"2":0.1794721931,"3":0.2093457729,"4":0.2695121467,"5":0.1513762623,"6":0.2124367058,"7":0.3987975121,"8":0.3137466311,"9":0.1688336879,"10":0.1953207254,"11":0.2028170526,"12":0.217660591,"13":0.2290284783,"14":0.1358029544,"15":0.3177817464,"16":0.2327670604,"17":0.3015716672,"18":0.205811128,"19":0.1536726803},"val_accuracy":{"0":0.8281111121,"1":0.9219999909,"2":0.9434444308,"3":0.9369999766,"4":0.9240000248,"5":0.9582222104,"6":0.9504444599,"7":0.8956666589,"8":0.9253333211,"9":0.9554444551,"10":0.950555563,"11":0.9527778029,"12":0.9453333616,"13":0.9518888593,"14":0.9695555568,"15":0.9257777929,"16":0.9531111121,"17":0.921333313,"18":0.9585555792,"19":0.9702222347},"lr":{"0":0.0001,"1":0.0001,"2":0.0001,"3":0.0001,"4":0.0001,"5":0.0001,"6":0.0001,"7":0.0001,"8":0.0001,"9":0.0001,"10":0.0001,"11":0.00005,"12":0.00005,"13":0.00005,"14":0.00005,"15":0.00005,"16":0.00005,"17":0.00005,"18":0.00005,"19":0.00005}}